{
    "Modules": {
        "...MASTER...": {
            "start_perf": [
                0.15957093238830566,
                0.13885700000000001,
                0.031585000000000002,
                283620,
                285056,
                1701700206.687969,
                508724011647619
            ],
            "child_modules": {
                "tb_ahb_master_if": 1,
                "sramc_top": 1,
                "ahb_master_if_fifo": 1,
                "std": 1,
                "tb_ahb_arbiter": 1,
                "ahb_connect": 1,
                "ahb_master_if_v0": 1
            },
            "end_perf": [
                0.16219902038574219,
                0.14071600000000001,
                0.032646000000000001,
                284608,
                285056,
                508724022521586,
                0,
                0
            ],
            "nMops": 31,
            "nQuads": 78,
            "nRouts": 51
        },
        "std": {
            "start_perf": [
                0.16226506233215332,
                0.14071600000000001,
                0.032718999999999998,
                284608,
                285056,
                1701700206.6906631,
                508724022716021
            ],
            "child_modules": {},
            "Compiled": "Yes",
            "Compiled Times": 1,
            "end_perf": [
                0.16728496551513672,
                0.145237,
                0.033776,
                285596,
                285600,
                508724043373824,
                8589934594,
                0
            ],
            "svclass": [
                "$vcs_nba_dyn_obj",
                576,
                35,
                2,
                2,
                0,
                "sigprop$$",
                576,
                35,
                2,
                2,
                0,
                "process",
                2380,
                200,
                8,
                8,
                0,
                "event",
                597,
                34,
                2,
                2,
                0,
                "mailbox",
                1769,
                140,
                9,
                9,
                0,
                "semaphore",
                1119,
                84,
                5,
                5,
                0
            ],
            "nQuads": 218,
            "nMops": 528,
            "nRouts": 33
        },
        "sram_bist_0000": {
            "significant_routs": [
                [
                    64,
                    "R_VCSgd_Ni29q_40",
                    8486505,
                    8847,
                    662
                ],
                [
                    109,
                    "R_VCSgd_Ni29q_6d",
                    4807447,
                    4991,
                    547
                ],
                [
                    129,
                    "R_VCSgd_Ni29q_81",
                    5321414,
                    4416,
                    658
                ]
            ],
            "start_perf": [
                0.1673128604888916,
                0.145263,
                0.033782,
                285596,
                285600,
                1701700206.6957109,
                508724043465325
            ],
            "child_modules": {},
            "Compiled": "Yes",
            "Compiled Times": 1,
            "end_perf": [
                0.20093798637390137,
                0.179371,
                0.036995,
                285600,
                285624,
                508724181928760,
                25769803777,
                0
            ],
            "nQuads": 2738,
            "nMops": 7583,
            "nRouts": 194
        },
        "tb_ahb_master_if": {
            "significant_routs": [
                [
                    51,
                    "R_VCSgd_g17YG_33",
                    6069813,
                    5890,
                    640
                ],
                [
                    199,
                    "R_VCSgd_g17YG_c7",
                    15955028,
                    14325,
                    1578
                ],
                [
                    202,
                    "R_VCSgd_g17YG_ca",
                    12107473,
                    11109,
                    944
                ],
                [
                    203,
                    "R_VCSgd_g17YG_cb",
                    5343873,
                    4559,
                    391
                ],
                [
                    209,
                    "R_VCSgd_g17YG_d1",
                    7636097,
                    6491,
                    605
                ],
                [
                    210,
                    "R_VCSgd_g17YG_d2",
                    9584295,
                    8132,
                    927
                ],
                [
                    214,
                    "R_VCSgd_g17YG_d6",
                    3035406,
                    2435,
                    203
                ]
            ],
            "start_perf": [
                0.26601290702819824,
                0.24716399999999999,
                0.04138,
                285600,
                285624,
                1701700206.7944109,
                508724449230709
            ],
            "child_modules": {
                "fifo_test_v1": 1
            },
            "Compiled": "Yes",
            "Compiled Times": 1,
            "end_perf": [
                0.31397700309753418,
                0.29822100000000001,
                0.043560000000000001,
                285600,
                285624,
                508724646519001,
                77309411329,
                0
            ],
            "nQuads": 4801,
            "nMops": 12169,
            "nRouts": 421
        },
        "ahb_master_if_fifo": {
            "start_perf": [
                0.21309685707092285,
                0.19172,
                0.038119,
                285600,
                285624,
                1701700206.7414949,
                508724231688062
            ],
            "child_modules": {},
            "nRouts": 18,
            "Compiled Times": 1,
            "Compiled": "Yes",
            "end_perf": [
                0.21454787254333496,
                0.19172,
                0.039732000000000003,
                285600,
                285624,
                508724237683431,
                42949672961,
                0
            ],
            "nMops": 105,
            "nQuads": 37
        },
        "sramc_top": {
            "start_perf": [
                0.20102095603942871,
                0.179371,
                0.037074999999999997,
                285600,
                285624,
                1701700206.729419,
                508724182043978
            ],
            "child_modules": {
                "sram_bist_0000": 8
            },
            "nRouts": 166,
            "Compiled Times": 1,
            "Compiled": "Yes",
            "end_perf": [
                0.21306204795837402,
                0.191687,
                0.038113000000000001,
                285600,
                285624,
                508724231597412,
                34359738369,
                0
            ],
            "nMops": 2584,
            "nQuads": 874
        },
        "fifo_test_v1": {
            "significant_routs": [
                [
                    54,
                    "R_VCSgd_MgyeB_36",
                    3953117,
                    2907,
                    338
                ]
            ],
            "start_perf": [
                0.21457505226135254,
                0.19172,
                0.039761999999999999,
                285600,
                285624,
                1701700206.7429731,
                508724237765127
            ],